direction,session_id,quality,start_15,start_16,start_17,start_18,start_19,start_20,start_21,end_15,end_16,end_17,end_18,end_19,end_20,end_21
# session 20260716_101627 | arm=left | target=20 samples | started
back,20260716_101627,0.47,0.088120,0.071929,0.487159,1.281461,0.441631,0.088755,-0.055787,0.093513,0.039284,0.486919,1.250806,0.441691,0.091212,-0.055835
# session 20260716_101627 | 1 samples saved | avg quality 0.47 | ended
# session 20260716_103155 | arm=left | target=20 samples | started
left,20260716_103155,1.00,-0.105545,0.089127,0.331148,0.150498,-0.038601,-0.125870,-0.153818,-0.027072,0.158695,1.587466,0.111393,-0.030620,-0.144206,-0.252867
up,20260716_103155,0.93,-0.027240,0.150953,1.587490,0.117062,-0.030584,-0.148473,-0.252639,-0.188236,0.481119,0.780449,-0.515897,-0.090709,-0.087041,0.118440
forward,20260716_103155,0.99,-0.176528,0.468847,0.661014,-0.429503,-0.090828,-0.080019,0.118344,-0.353798,0.655645,0.681986,0.906834,-0.101255,-0.105413,0.118560
right,20260716_103155,0.93,-0.320866,0.648490,0.679997,0.936759,-0.101219,-0.176216,0.118428,-0.137124,0.288736,-0.586484,0.072361,-0.156214,-0.139820,0.334791
back,20260716_103155,0.60,-0.135925,0.237000,-0.673645,0.072924,-0.135182,-0.170955,0.244658,0.749278,0.330813,-0.060928,-0.398020,0.006292,-0.256379,-0.196889
down,20260716_103155,0.94,0.786333,0.369989,0.052838,-0.476960,-0.317798,-0.283091,-0.212876,0.081613,0.180423,0.130604,1.211773,-0.236041,-0.201910,0.045264
left,20260716_103155,0.99,0.080198,0.181753,0.131179,1.211629,-0.206812,-0.201059,0.062989,-0.061503,0.511379,1.508922,0.390482,-0.204810,0.032226,-0.034191
forward,20260716_103155,0.93,-0.060832,0.474947,1.507484,0.390674,-0.204595,-0.022399,-0.034191,-0.660762,0.447779,0.329518,0.926201,-0.013039,-0.068526,0.041753
back,20260716_103155,0.64,-0.669139,0.363829,0.328488,0.936687,0.021787,-0.097048,0.040231,0.344199,0.180818,0.144602,-0.465204,-0.084573,-0.126086,-0.403904
up,20260716_103155,0.67,0.655070,0.041238,-0.023705,-0.650672,-0.029637,0.172141,0.204595,-1.830039,0.649389,0.199094,0.857184,0.044545,0.144745,0.079000
down,20260716_103155,0.95,-1.895341,0.608990,0.191364,0.858778,0.034143,0.335750,0.074134,0.018396,0.204858,-0.213679,1.174214,0.398368,0.005453,0.164064
right,20260716_103155,0.86,0.020529,0.168235,-0.091703,1.219311,0.157772,0.099122,0.161104,-0.083099,0.821698,1.646573,0.664417,0.164903,0.200508,0.061407
left,20260716_103155,0.73,-0.040051,0.847237,1.744663,0.704876,0.164232,0.200388,0.185012,-0.061623,0.823244,1.772850,0.662069,0.157401,0.117577,-0.013338
forward,20260716_103155,0.89,-0.081625,0.803722,1.564660,0.661709,0.157593,0.118344,-0.013998,-0.647376,0.317582,0.101446,0.662416,0.180039,0.004758,0.426866
back,20260716_103155,0.73,-0.647520,0.203492,0.097911,0.807773,0.178841,-0.132150,0.431408,0.855710,0.317474,-0.101159,-0.463106,-0.222895,-0.554690,0.071198
down,20260716_103155,1.00,0.737413,0.312285,-0.084585,-0.511139,-0.228503,-0.430497,0.071750,0.027815,0.122107,0.269597,1.445549,0.213439,0.203324,0.072517
right,20260716_103155,0.96,0.023992,0.099960,0.269561,1.445525,0.213427,0.203228,0.072564,-0.271179,0.335702,-0.743082,-0.123761,-0.276332,0.235178,0.070491
up,20260716_103155,0.82,-0.257014,0.365231,-0.848531,-0.123845,-0.275517,0.234459,0.070671,-1.911628,1.099133,-0.228108,1.291708,-0.030332,-0.048596,0.073236
forward,20260716_103155,0.96,-2.032728,0.963915,-0.336901,1.289539,0.096761,-0.410759,0.073715,-0.574188,0.603957,-0.296753,0.704541,-0.626883,-0.060125,0.215968
back,20260716_103155,0.89,-0.511858,0.610812,-0.233573,0.697254,-0.618901,-0.214602,0.215225,0.681219,0.531285,-0.142301,-0.705415,-0.204175,-0.140911,0.257277
# session 20260716_103155 | 20 samples saved | avg quality 0.87 | ended
# session 20260716_104814 | arm=left | target=20 samples | started
up,20260716_104814,0.93,-0.421162,0.139197,0.214278,0.239169,0.157976,-0.036025,-0.034970,-2.178768,0.371127,0.269310,0.857363,0.376137,0.147897,-0.034778
back,20260716_104814,0.90,-2.003774,0.516185,0.269585,0.734262,0.375478,0.110411,-0.034886,0.792373,0.217130,-0.022698,-0.725285,-0.081637,-0.005489,-0.035150
left,20260716_104814,0.98,0.910717,0.216998,0.026293,-0.802991,-0.081960,0.005357,-0.035174,-0.024735,0.762940,1.430677,0.737401,-0.081924,0.014860,-0.034083
forward,20260716_104814,0.95,0.039955,0.609182,1.429802,0.736946,-0.079659,-0.128207,-0.034119,-0.883297,0.159774,0.366382,0.850736,0.252615,0.156286,-0.034131
right,20260716_104814,0.91,-0.829117,0.139233,0.367101,0.896120,0.252508,0.000683,0.040495,-0.620843,-0.038302,-0.927363,0.111705,-0.410699,0.337775,0.030991
down,20260716_104814,0.74,-0.608930,0.060436,-0.865728,0.029050,-0.431228,0.357094,-0.187086,-0.071486,0.174119,-0.035174,1.397349,-0.335331,-0.275182,-0.131263
right,20260716_104814,0.98,0.088192,0.177978,-0.035054,1.406948,-0.335834,-0.274726,-0.131167,-0.527689,-0.058028,-0.558057,-0.134235,-0.099205,0.510636,-0.135518
forward,20260716_104814,0.97,-0.494925,-0.022135,-0.552700,-0.134091,-0.098990,0.480771,-0.135494,-0.768680,0.129537,0.134331,1.052431,-0.012296,-0.092410,0.013386
up,20260716_104814,0.97,-0.766128,0.129861,0.135074,1.052155,-0.015280,-0.171626,0.061371,-2.281725,0.543389,0.113443,0.816929,0.016406,0.315904,0.059550
back,20260716_104814,0.78,-2.178253,0.570833,0.113371,0.817816,0.016550,0.187050,0.059454,0.812830,0.218796,-0.122119,-0.535875,-0.208406,-0.392759,-0.059166
down,20260716_104814,1.00,0.655777,0.216783,-0.067208,-0.786872,-0.253766,0.108949,-0.135314,0.088000,0.211426,-0.140371,1.407571,-0.039296,-0.254569,-0.133672
left,20260716_104814,0.96,0.065170,0.200137,-0.062917,1.405498,-0.038230,-0.254689,0.031662,-0.256343,0.955394,0.897367,0.896947,-0.568160,0.112987,0.030871
down,20260716_104814,0.95,-0.267068,0.844660,0.857963,0.855734,-0.491761,0.058819,0.030716,-0.055643,0.091943,0.475977,1.424553,0.450739,-0.194432,0.031051
up,20260716_104814,0.99,-0.011888,0.108553,0.475954,1.424205,0.450775,-0.194396,0.031075,-2.482388,0.490898,0.300852,0.975756,0.331592,0.216938,0.031794
right,20260716_104814,0.89,-2.310487,0.490323,0.328583,0.973682,0.158096,0.089199,0.031830,-0.455449,0.081349,-0.889481,-0.037858,-0.360569,0.314826,-0.035413
forward,20260716_104814,0.92,-0.432846,0.074590,-0.847728,-0.048872,-0.183263,0.235214,0.018012,-0.780437,0.249727,0.094244,1.099433,-0.140467,-0.158491,0.103460
left,20260716_104814,0.76,-0.743981,0.275385,0.094556,0.998945,-0.140599,-0.158024,0.097827,-0.229702,0.631629,0.890140,0.822154,-0.149503,-0.235514,0.043970
back,20260716_104814,0.65,-0.216507,0.624414,1.016250,0.821243,-0.386659,-0.323023,-0.013434,0.612957,-0.030752,0.079851,-0.759860,-0.313543,-0.018791,-0.132222
right,20260716_104814,0.88,-0.087197,0.126577,0.094112,0.967391,0.017629,-0.157389,-0.076783,-0.388517,0.178229,-0.738588,-0.075381,-0.134607,0.017233,-0.056709
down,20260716_104814,1.00,-0.333892,0.218233,-0.847632,-0.012835,-0.138058,-0.087089,-0.123354,0.057345,0.178853,-0.025131,1.307503,-0.140575,-0.282624,-0.113467
# session 20260716_104814 | 20 samples saved | avg quality 0.91 | ended
# session 20260716_104941 | arm=left | target=60 samples | started
left,20260716_104941,0.96,-0.588653,0.204127,0.272222,0.530614,-0.321345,0.056829,-0.047458,-0.038913,0.543017,1.194612,0.582877,-0.314107,-0.217669,-0.056434
forward,20260716_104941,0.97,-0.064343,0.551706,1.181297,0.582385,-0.134858,-0.244370,-0.056446,-0.857735,0.177379,0.182915,0.855134,0.135470,0.019966,0.204954
back,20260716_104941,0.69,-0.820404,0.040435,0.179727,0.855758,0.136321,-0.001498,0.204942,0.819242,0.342689,-0.072936,-0.955418,-0.184869,0.192455,0.201754
up,20260716_104941,0.97,0.740481,0.238738,-0.231943,-0.597198,0.002637,0.045983,0.204894,-2.352851,0.379085,0.249799,0.856680,0.332730,0.086862,0.204427
right,20260716_104941,0.93,-2.183801,0.431085,0.239445,0.846266,0.188021,-0.020361,0.159354,-0.440696,0.277567,-0.977445,-0.137555,-0.447491,0.146567,0.156682
down,20260716_104941,1.00,-0.410460,0.326007,-0.986446,-0.124492,-0.336241,0.040423,0.156502,0.076795,0.275889,-0.612406,1.446915,-0.343803,-0.429047,0.161284
left,20260716_104941,0.65,0.079731,0.272306,-0.612370,1.446999,-0.343839,-0.429107,0.161284,-0.416356,0.834522,0.658258,0.798389,-0.623096,-0.039788,0.161236
up,20260716_104941,0.96,-0.297724,0.774481,0.684048,0.774313,-0.381793,-0.131635,0.161044,-2.587239,0.412689,0.096437,1.074589,0.154764,0.103532,0.161188
back,20260716_104941,0.85,-0.190525,0.080870,0.205446,0.740026,0.255959,-0.410879,0.156214,0.762281,-0.022015,-0.111130,-0.581882,0.009671,-0.234723,-0.032417
right,20260716_104941,0.90,0.856764,0.036348,-0.122071,-0.681411,0.009156,-0.148616,-0.035006,-0.572079,-0.035845,-0.841472,0.095718,-0.039967,0.217334,-0.162518
down,20260716_104941,0.87,-0.572846,-0.016910,-0.868461,0.149911,-0.038949,0.088827,-0.057069,0.134739,0.108098,0.035785,1.376568,0.034718,-0.233501,-0.047793
forward,20260716_104941,0.83,0.134727,0.108074,0.035665,1.376760,0.035306,-0.232937,-0.047805,-0.935608,-0.015280,0.131874,0.936471,0.019546,0.003427,0.345637
right,20260716_104941,0.60,-0.826169,-0.019882,0.072780,0.934062,0.018204,-0.134343,0.247774,-0.410448,0.106600,-0.671308,0.027588,-0.126470,0.021104,-0.211845
up,20260716_104941,0.98,-0.255767,0.057165,-0.652397,0.114689,-0.059082,0.009707,-0.073032,-2.421796,0.465743,0.249512,0.856405,-0.058375,0.313759,0.034347
forward,20260716_104941,0.90,-0.193509,0.037079,0.246432,0.824934,-0.058819,-0.456875,-0.059346,-0.758913,0.196601,0.307935,0.995434,0.058399,-0.255624,0.149108
down,20260716_104941,1.00,-0.646932,0.158959,0.307503,0.992090,0.137567,-0.306772,0.137687,0.195750,0.060365,0.309828,1.289167,0.136261,-0.275421,0.139209
back,20260716_104941,0.96,0.203276,0.060305,0.309457,1.290150,0.136608,-0.272222,0.139197,0.703654,0.215608,0.003667,-0.899836,-0.372649,0.070096,-0.035413
left,20260716_104941,0.99,0.704684,0.217993,-0.101063,-0.543688,-0.134343,-0.085352,-0.035593,-0.070216,0.822765,1.098798,0.878132,-0.148089,-0.093549,-0.039248
right,20260716_104941,0.95,-0.070120,0.765337,1.097060,0.843713,-0.147382,-0.158072,-0.039200,-0.149815,0.277615,-0.735148,-0.300385,-0.277483,0.099529,-0.209916
forward,20260716_104941,0.86,-0.135482,0.276680,-0.730151,-0.280826,-0.274247,0.222032,-0.209796,-0.848807,0.194840,0.095742,1.126829,0.004949,-0.165778,0.118943
left,20260716_104941,0.88,-0.629148,0.159642,0.092458,0.778915,-0.156897,-0.165778,0.118164,-0.070144,0.649365,1.106336,0.779130,-0.158443,-0.349951,-0.209328
down,20260716_104941,0.94,-0.084920,0.600973,1.103052,0.778351,-0.134020,-0.371319,-0.064775,0.152284,0.028259,0.564972,1.326750,0.488705,-0.281629,0.101950
back,20260716_104941,0.62,-0.027947,0.058663,0.564960,1.327121,0.488561,-0.274774,0.096341,0.723943,0.098379,-0.142001,-0.249116,0.092950,-0.475007,0.049890
up,20260716_104941,0.95,0.663435,0.137303,-0.101818,-0.480484,0.026857,-0.222871,0.050058,-1.896719,0.368815,0.265079,0.268806,0.028762,0.330573,0.065062
back,20260716_104941,0.74,-1.594477,0.343240,0.131119,0.423858,0.028415,-0.013914,0.159810,0.932888,0.167863,-0.103592,-0.753676,0.006376,-0.126925,0.030224
forward,20260716_104941,0.98,0.928682,0.159115,-0.061791,-0.596155,0.005333,-0.439126,0.030859,-0.813250,0.232722,0.132534,1.148424,0.008197,-0.274571,0.205314
right,20260716_104941,0.95,-0.698501,0.204271,0.134271,1.012871,0.005609,-0.193917,0.206896,-0.181118,0.061958,-0.633330,0.101950,0.114665,-0.126338,-0.145393
left,20260716_104941,0.99,-0.179548,0.064751,-0.633342,0.102285,0.118704,-0.126086,-0.147909,-0.076915,0.396774,1.125870,0.508766,0.115983,-0.206177,-0.005884
down,20260716_104941,0.99,-0.069820,0.363625,1.123917,0.501839,0.116019,-0.241087,-0.013566,0.131695,0.105953,0.750189,1.293505,0.775967,-0.428376,-0.014010
up,20260716_104941,0.89,0.111837,0.086478,0.749793,1.288328,0.775260,-0.428975,-0.012979,-2.026401,0.442841,0.365699,0.628788,-0.039919,0.193809,-0.012835
back,20260716_104941,0.89,-2.019198,0.493079,0.210059,0.621130,-0.175940,0.160277,-0.013051,0.788131,0.217334,-0.121340,-0.785542,0.002996,-0.039212,-0.012068
up,20260716_104941,0.96,0.904402,0.216675,-0.117086,-0.813453,0.004530,-0.038445,-0.012080,-2.474814,0.413743,0.369785,0.889409,0.136536,0.138765,-0.012547
left,20260716_104941,0.98,-1.950984,0.313879,0.131958,0.542766,0.138382,0.017090,-0.013267,-0.215225,0.608871,1.275122,0.698045,0.135206,-0.252412,-0.014369
right,20260716_104941,0.91,-0.216998,0.586544,1.272605,0.690291,0.135266,-0.254126,-0.015603,-0.344570,0.257181,-0.848471,-0.368443,-0.539698,0.421965,-0.035833
down,20260716_104941,1.00,-0.298503,0.260237,-0.819158,-0.359850,-0.532435,0.394497,-0.035006,-0.020817,0.214086,-0.358808,1.563210,-0.296478,-0.409932,-0.035162
forward,20260716_104941,0.97,-0.066800,0.214242,-0.358640,1.562635,-0.296586,-0.410424,-0.035018,-0.862289,0.071833,-0.103112,1.019031,-0.177187,-0.194324,0.208777
up,20260716_104941,0.93,-0.824083,0.102357,-0.102944,1.052694,-0.177379,-0.197212,0.236437,-2.377730,0.362367,0.213343,0.698225,0.006436,0.413612,0.237707
right,20260716_104941,0.88,-0.568448,0.028918,0.196769,0.424529,0.007730,-0.180243,0.234004,-0.415265,0.180650,-0.940798,-0.156202,-0.237419,0.120969,-0.059262
left,20260716_104941,0.99,-0.361936,0.207399,-0.924535,-0.115911,-0.234663,0.117601,-0.056206,-0.026713,0.414726,1.037762,0.455029,-0.158156,-0.175857,-0.057105
down,20260716_104941,0.99,-0.029445,0.413216,1.037379,0.453459,-0.158216,-0.175857,-0.056590,0.197464,0.090265,0.741512,1.258128,0.644907,-0.292403,-0.055894
back,20260716_104941,0.73,-0.205086,0.130544,0.742986,1.248696,0.636962,-0.075393,-0.100200,0.830854,0.264072,-0.116259,-0.872679,-0.226466,-0.037463,0.150798
forward,20260716_104941,0.99,0.833407,0.298743,-0.140491,-0.848148,-0.211941,0.050286,0.150294,-0.862409,0.207519,-0.057357,1.162098,-0.039140,-0.193881,0.149299
down,20260716_104941,1.00,-0.677876,0.200532,0.133097,0.856908,-0.016263,-0.117865,0.149587,0.233093,0.204930,0.132593,1.258104,-0.008892,-0.167180,0.148065
up,20260716_104941,0.76,0.228587,0.207351,0.132785,1.258080,-0.010702,-0.166760,0.148113,-2.466341,0.568831,0.083123,0.896360,0.019055,0.373045,0.148592
forward,20260716_104941,0.83,-2.469877,0.433937,0.083230,0.896073,0.018180,0.380200,0.148532,-0.726987,0.089247,0.143871,0.660103,0.004650,-0.038697,0.149072
back,20260716_104941,0.99,-0.608595,0.065266,0.131203,0.646369,-0.008269,-0.040830,0.148485,0.763407,0.396342,-0.100679,-0.753964,-0.234471,0.003416,0.138298
right,20260716_104941,0.99,0.787052,0.393730,-0.063588,-0.753580,-0.234867,0.004135,0.138849,-0.505674,0.216124,-1.026293,-0.203612,-0.452428,0.296094,0.140251
left,20260716_104941,0.95,-0.540632,0.222152,-1.087233,-0.203816,-0.454658,0.297329,0.140191,-0.060400,0.626739,0.928298,0.424110,-0.452896,0.020781,0.139904
right,20260716_104941,0.61,0.076040,0.424973,1.249643,0.185516,-0.451638,0.026521,0.126853,-0.334839,0.524394,-0.957995,-0.388720,-0.459991,0.080965,-0.101530
down,20260716_104941,0.89,-0.343408,0.570150,-1.006963,-0.439629,-0.463538,0.082511,-0.101051,0.165119,0.342425,-0.407895,1.410891,-0.430282,-0.308510,-0.099936
left,20260716_104941,0.62,0.131299,0.333269,-0.408974,1.410663,-0.422468,-0.193006,-0.099145,-0.113131,0.965425,1.056505,0.976978,-0.627842,-0.310308,-0.003607
forward,20260716_104941,0.78,-0.061911,0.828014,1.094399,0.856285,-0.372410,-0.272066,0.082847,-0.965845,0.061431,-0.061551,0.935896,-0.139964,0.100488,0.073056
back,20260716_104941,0.84,-0.842431,0.064379,0.055295,0.932792,-0.139904,0.088480,0.082320,0.821327,0.405223,-0.052311,-0.870834,-0.275374,0.194336,0.082511
up,20260716_104941,0.95,0.744196,0.373321,-0.062342,-0.828062,-0.274966,0.120633,0.082392,-2.527905,0.590954,0.172741,0.857807,0.042304,0.267272,0.074782
forward,20260716_104941,1.00,-2.132641,0.726604,-0.185156,0.602267,-0.215920,0.004782,0.137926,-0.740218,0.202018,-0.052012,0.816737,-0.208681,-0.059394,0.139436
right,20260716_104941,0.96,-0.732392,0.202006,-0.052551,0.814436,-0.208430,-0.060700,0.139424,-0.425991,0.258895,-0.910358,-0.047470,-0.277686,0.005812,0.002768
back,20260716_104941,0.90,-0.419843,0.260309,-0.888343,-0.047230,-0.275445,0.006028,0.002792,0.708160,0.214434,0.017317,-0.812459,-0.212912,0.117122,0.083410
down,20260716_104941,1.00,0.841856,0.216531,0.056218,-0.892705,-0.213068,0.087760,0.082475,0.199226,0.216855,0.053857,1.368479,-0.119806,-0.157437,0.073439
left,20260716_104941,0.92,0.194828,0.216783,0.053797,1.368095,-0.119651,-0.157641,0.075009,-0.106576,0.609122,0.456647,0.505590,-0.527594,-0.230792,0.074985
up,20260716_104941,0.99,-0.077969,0.567082,0.468535,0.504380,-0.373788,-0.230948,0.074830,-2.549692,0.525724,0.251513,0.975648,0.243975,0.120549,0.081181
# session 20260716_104941 | 60 samples saved | avg quality 0.90 | ended
